City_ID,City,Lat,Lng,Max Temp,Humidity,Cloudiness,Wind Speed,Country,Date
0,Ushuaia,-54.8,-68.3,38.86,81,0,4.61,AR,2021-09-07 03:21:45
1,Saint-Augustin,51.226,-58.6502,56.34,83,100,9.51,CA,2021-09-07 03:22:12
2,Kuytun,54.3419,101.5036,40.73,92,100,4.99,RU,2021-09-07 03:22:12
3,Palaikastron,35.2,26.25,73.94,73,3,23.47,GR,2021-09-07 03:22:12
4,San Patricio,28.017,-97.5169,86.09,62,8,9.95,US,2021-09-07 03:22:13
5,Berlevag,70.8578,29.0864,32.0,72,21,4.59,NO,2021-09-07 03:22:13
6,Yellowknife,62.456,-114.3525,55.92,88,20,6.91,CA,2021-09-07 03:22:01
7,East London,-33.0153,27.9116,52.74,93,75,5.75,ZA,2021-09-07 03:22:13
8,Nishihara,26.1842,127.7558,87.46,70,40,6.91,JP,2021-09-07 03:22:14
9,Homer,59.6425,-151.5483,59.07,64,1,9.22,US,2021-09-07 03:22:14
10,Awbari,26.5921,12.7805,82.13,38,6,7.85,LY,2021-09-07 03:22:14
11,Kosai,34.7105,137.5316,76.55,62,100,8.34,JP,2021-09-07 03:22:15
12,Busselton,-33.65,115.3333,76.05,66,0,14.63,AU,2021-09-07 03:22:15
13,Hamilton,39.1834,-84.5333,73.83,71,1,0.0,US,2021-09-07 03:22:15
14,New Norfolk,-42.7826,147.0587,55.92,54,96,8.01,AU,2021-09-07 03:22:16
15,Todos Santos,23.45,-110.2167,85.1,86,29,6.02,MX,2021-09-07 03:22:16
16,Zhuanghe,39.7008,122.9911,69.12,70,84,12.41,CN,2021-09-07 03:22:16
17,Alofi,-19.0595,-169.9187,84.09,70,20,8.05,NU,2021-09-07 03:22:17
18,Ahipara,-35.1667,173.1667,59.65,89,92,10.22,NZ,2021-09-07 03:22:17
19,Rikitea,-23.1203,-134.9692,73.8,72,72,6.17,PF,2021-09-07 03:22:17
20,Lebu,-37.6167,-73.65,46.54,89,100,7.94,CL,2021-09-07 03:22:18
21,Chuy,-33.6971,-53.4616,56.07,85,100,13.62,UY,2021-09-07 03:22:18
22,Bengkulu,-3.8004,102.2655,81.0,75,64,6.76,ID,2021-09-07 03:22:18
23,Culaman,5.9603,125.6586,86.41,66,96,6.69,PH,2021-09-07 03:22:19
24,Vredendal,-31.6683,18.5012,48.99,63,0,5.95,ZA,2021-09-07 03:22:19
25,Clarence Town,-32.5833,151.7833,76.62,27,0,11.25,AU,2021-09-07 03:22:20
26,Barabai,-2.5833,115.3833,85.21,65,86,2.1,ID,2021-09-07 03:22:20
27,Torbay,47.6666,-52.7314,50.77,93,75,9.22,CA,2021-09-07 03:22:20
28,Kapaa,22.0752,-159.319,84.52,68,40,1.99,US,2021-09-07 03:22:20
29,Huejucar,22.35,-103.2167,63.25,82,100,3.44,MX,2021-09-07 03:22:21
30,Qaanaaq,77.484,-69.3632,13.41,66,86,7.92,GL,2021-09-07 03:22:21
31,Karratha,-20.7377,116.8463,81.23,17,50,23.96,AU,2021-09-07 03:22:22
32,Vaini,-21.2,-175.2,80.76,83,20,8.05,TO,2021-09-07 03:22:22
33,Shiraz,29.6036,52.5388,72.84,18,0,6.91,IR,2021-09-07 03:19:17
34,Lata,40.1629,-8.3327,68.36,89,95,4.92,PT,2021-09-07 03:22:22
35,Tezu,27.9167,96.1667,82.33,81,99,1.59,IN,2021-09-07 03:22:23
36,Half Moon Bay,37.4636,-122.4286,88.41,76,40,0.0,US,2021-09-07 03:22:23
37,Bredasdorp,-34.5322,20.0403,38.52,93,0,3.44,ZA,2021-09-07 03:22:23
38,Carnarvon,-24.8667,113.6333,78.87,41,6,8.05,AU,2021-09-07 03:22:24
39,Beloha,-25.1667,45.05,63.93,61,0,6.42,MG,2021-09-07 03:22:24
40,Kodiak,57.79,-152.4072,55.72,82,47,8.05,US,2021-09-07 03:22:24
41,Santiago,-33.4569,-70.6483,49.15,57,75,5.75,CL,2021-09-07 03:21:06
42,Bluff,-46.6,168.3333,47.8,85,100,17.22,NZ,2021-09-07 03:22:25
43,Avarua,-21.2078,-159.775,73.45,83,75,10.36,CK,2021-09-07 03:22:25
44,Great Yarmouth,52.6083,1.7305,60.57,85,73,5.88,GB,2021-09-07 03:22:25
45,Marystown,47.1666,-55.1483,57.81,93,100,11.52,CA,2021-09-07 03:22:26
46,Atuona,-9.8,-139.0333,78.35,73,1,17.43,PF,2021-09-07 03:22:26
47,Srednekolymsk,67.45,153.6833,40.05,61,100,18.05,RU,2021-09-07 03:22:26
48,Albany,42.6001,-73.9662,60.46,86,0,4.97,US,2021-09-07 03:21:32
49,Gazimurskiy Zavod,51.5461,118.3266,56.5,49,81,6.49,RU,2021-09-07 03:22:27
50,Leningradskiy,69.3833,178.4167,37.53,63,100,2.08,RU,2021-09-07 03:22:27
51,Port Lincoln,-34.7333,135.8667,60.78,62,64,3.65,AU,2021-09-07 03:22:28
52,Provideniya,64.3833,-173.3,42.91,75,75,8.95,RU,2021-09-07 03:22:28
53,Hede,33.7681,120.2517,75.49,79,100,11.32,CN,2021-09-07 03:22:28
54,Sao Joao Da Barra,-21.6403,-41.0511,71.06,84,49,10.98,BR,2021-09-07 03:22:29
55,Benguela,-12.5763,13.4055,70.09,90,52,2.73,AO,2021-09-07 03:22:29
56,Broken Hill,-31.95,141.4333,63.03,41,5,8.14,AU,2021-09-07 03:22:29
57,Puerto Ayora,-0.7393,-90.3518,68.56,81,100,9.42,EC,2021-09-07 03:22:30
58,Hermanus,-34.4187,19.2345,47.89,79,0,10.58,ZA,2021-09-07 03:22:30
59,Deputatskiy,69.3,139.9,35.53,70,100,13.4,RU,2021-09-07 03:22:30
60,Sitka,57.0531,-135.33,57.09,82,90,3.44,US,2021-09-07 03:22:31
61,Esperance,-33.8667,121.9,69.75,45,0,19.46,AU,2021-09-07 03:22:31
62,Shingu,33.7333,135.9833,83.39,83,99,5.48,JP,2021-09-07 03:22:31
63,Klaksvik,62.2266,-6.589,56.32,96,100,13.87,FO,2021-09-07 03:22:32
64,Cape Town,-33.9258,18.4232,48.61,79,0,1.01,ZA,2021-09-07 03:22:32
65,San-Pedro,4.7485,-6.6363,75.04,92,99,4.41,CI,2021-09-07 03:22:32
66,Kahului,20.8947,-156.47,82.42,65,40,18.41,US,2021-09-07 03:22:33
67,Hobart,-42.8794,147.3294,56.26,50,40,1.01,AU,2021-09-07 03:19:15
68,Maroon Town,18.3446,-77.7954,78.8,89,2,3.96,JM,2021-09-07 03:22:33
69,Faanui,-16.4833,-151.75,78.84,74,5,12.84,PF,2021-09-07 03:22:33
70,Dudinka,69.4058,86.1778,51.55,72,7,13.76,RU,2021-09-07 03:22:34
71,Victor Harbor,-35.5667,138.6167,64.18,65,76,1.99,AU,2021-09-07 03:22:34
72,Rock Springs,41.5875,-109.2029,72.84,16,1,7.0,US,2021-09-07 03:22:34
73,Dikson,73.5069,80.5464,43.61,88,77,18.95,RU,2021-09-07 03:22:35
74,Hilo,19.7297,-155.09,82.13,69,90,3.44,US,2021-09-07 03:18:54
75,La Ronge,55.1001,-105.2842,61.05,55,20,3.44,CA,2021-09-07 03:22:35
76,Thompson,55.7435,-97.8558,53.76,87,90,4.61,CA,2021-09-07 03:18:12
77,Tiksi,71.6872,128.8694,38.95,73,96,12.64,RU,2021-09-07 03:22:36
78,Hofn,64.2539,-15.2082,53.31,79,99,5.12,IS,2021-09-07 03:22:36
79,Porto Belo,-27.1578,-48.5531,66.18,89,93,9.04,BR,2021-09-07 03:22:36
80,Mangrol,21.1167,70.1167,81.48,86,82,11.72,IN,2021-09-07 03:22:37
81,Nikolskoye,59.7035,30.7861,49.89,98,94,4.7,RU,2021-09-07 03:22:37
82,Victoria,22.2855,114.1577,90.97,75,46,1.99,HK,2021-09-07 03:21:40
83,Upernavik,72.7868,-56.1549,28.78,70,100,8.16,GL,2021-09-07 03:18:09
84,Falam,22.9167,93.6833,71.04,76,45,2.73,MM,2021-09-07 03:22:38
85,Meulaboh,4.1363,96.1285,82.04,75,64,3.85,ID,2021-09-07 03:22:38
86,Mataura,-46.1927,168.8643,47.48,98,100,7.52,NZ,2021-09-07 03:22:38
87,Lagoa,39.05,-27.9833,68.09,79,100,14.45,PT,2021-09-07 03:22:39
88,Jahazpur,25.6167,75.2833,85.89,68,86,4.94,IN,2021-09-07 03:22:39
89,Broome,42.2506,-75.833,61.65,92,0,1.99,US,2021-09-07 03:22:39
90,Hasaki,35.7333,140.8333,73.8,59,96,17.25,JP,2021-09-07 03:22:40
91,Muros,42.7762,-9.0603,68.23,95,76,7.87,ES,2021-09-07 03:22:40
92,Nelson Bay,-32.7167,152.15,76.77,34,0,1.99,AU,2021-09-07 03:22:40
93,Caravelas,-17.7125,-39.2481,73.09,94,1,5.14,BR,2021-09-07 03:22:41
94,Itinga,-16.6131,-41.7653,77.77,57,0,2.75,BR,2021-09-07 03:21:33
95,Tasiilaq,65.6145,-37.6368,39.36,87,77,3.98,GL,2021-09-07 03:22:41
96,Singkang,2.1006,102.7994,84.09,63,40,4.45,MY,2021-09-07 03:22:41
97,Imphal,24.8167,93.95,78.71,78,75,4.61,IN,2021-09-07 03:22:42
98,Port Blair,11.6667,92.75,83.5,79,83,11.36,IN,2021-09-07 03:22:42
99,Tabuk,17.4189,121.4443,86.4,67,34,3.06,PH,2021-09-07 03:22:42
100,Te Anau,-45.4167,167.7167,43.57,96,100,2.19,NZ,2021-09-07 03:22:43
101,Champaign,40.1334,-88.2001,73.4,78,20,1.99,US,2021-09-07 03:20:44
102,Narwar,25.65,77.9,83.5,74,100,9.82,IN,2021-09-07 03:22:43
103,Sabzevar,36.2126,57.6819,67.28,34,0,11.5,IR,2021-09-07 03:22:44
104,Palu,-0.8917,119.8707,87.44,65,71,3.44,ID,2021-09-07 03:22:44
105,Hithadhoo,-0.6,73.0833,82.92,69,100,9.66,MV,2021-09-07 03:22:44
106,Necochea,-38.5473,-58.7368,49.03,91,49,9.51,AR,2021-09-07 03:22:45
107,Saint Anthony,45.0205,-93.218,73.33,61,1,4.0,US,2021-09-07 03:22:45
108,Kieta,-6.2167,155.6333,83.62,74,77,7.4,PG,2021-09-07 03:22:45
109,Chhindwara,22.0667,78.9333,77.09,84,100,11.5,IN,2021-09-07 03:22:46
110,Butaritari,3.0707,172.7902,82.47,75,36,13.42,KI,2021-09-07 03:22:46
111,Jamestown,42.097,-79.2353,67.59,88,90,3.13,US,2021-09-07 03:18:09
112,Vardo,70.3705,31.1107,32.2,69,58,10.89,NO,2021-09-07 03:22:46
113,Kavaratti,10.5669,72.642,81.45,80,100,17.52,IN,2021-09-07 03:22:47
114,Pisco,-13.7,-76.2167,62.65,77,91,5.75,PE,2021-09-07 03:22:47
115,Aklavik,68.2191,-135.0107,43.63,80,100,7.4,CA,2021-09-07 03:22:47
116,Lillooet,50.6856,-121.942,70.52,58,88,3.69,CA,2021-09-07 03:22:48
117,Hirara,24.8,125.2833,88.07,70,40,6.91,JP,2021-09-07 03:22:48
118,Mahebourg,-20.4081,57.7,70.25,83,40,14.97,MU,2021-09-07 03:22:48
119,Iqaluit,63.7506,-68.5145,42.53,75,40,12.66,CA,2021-09-07 03:22:49
120,Port Alfred,-33.5906,26.891,58.06,62,95,10.2,ZA,2021-09-07 03:22:49
121,Longyearbyen,78.2186,15.6401,35.44,60,75,12.66,SJ,2021-09-07 03:21:18
122,Airai,-8.9266,125.4092,71.38,52,20,6.24,TL,2021-09-07 03:22:50
123,Castro,-24.7911,-50.0119,57.22,91,49,11.25,BR,2021-09-07 03:22:50
124,Khatanga,71.9667,102.5,62.19,49,63,9.04,RU,2021-09-07 03:22:50
125,Warwick,41.7001,-71.4162,68.45,82,1,5.75,US,2021-09-07 03:22:32
126,Senneterre,48.3835,-77.2328,53.82,97,100,9.24,CA,2021-09-07 03:22:51
127,Gazojak,41.1875,61.4036,77.41,19,0,9.1,TM,2021-09-07 03:22:51
128,Yarovoye,52.9273,78.58,62.56,55,4,7.27,RU,2021-09-07 03:22:52
129,Barrow,71.2906,-156.7887,39.22,70,1,14.97,US,2021-09-07 03:22:52
130,Lockhart,28.6194,-81.4426,79.09,79,40,5.75,US,2021-09-07 03:22:52
131,Moose Factory,51.2585,-80.6094,55.4,94,90,3.44,CA,2021-09-07 03:22:53
132,Kholtoson,50.2981,103.3097,46.87,70,99,1.92,RU,2021-09-07 03:22:53
133,Punta Arenas,-53.15,-70.9167,37.51,93,0,4.61,CL,2021-09-07 03:22:53
134,Nioro,13.35,-15.75,75.83,92,100,5.7,GM,2021-09-07 03:18:10
135,Faya,18.3851,42.4509,62.71,34,42,4.52,SA,2021-09-07 03:22:54
136,Ancud,-41.8697,-73.8203,45.43,92,58,6.82,CL,2021-09-07 03:22:54
137,Cidreira,-30.1811,-50.2056,62.64,84,100,19.91,BR,2021-09-07 03:22:55
138,Axim,4.8699,-2.2405,74.7,93,95,8.08,GH,2021-09-07 03:22:55
139,Chumikan,54.7183,135.315,66.36,60,97,3.06,RU,2021-09-07 03:22:55
140,Kununurra,-15.7667,128.7333,80.58,18,1,12.66,AU,2021-09-07 03:22:56
141,Henties Bay,-22.116,14.2845,47.86,90,0,9.08,NA,2021-09-07 03:22:56
142,Coquimbo,-29.9533,-71.3436,53.33,82,0,8.05,CL,2021-09-07 03:22:56
143,Waingapu,-9.6567,120.2641,86.31,57,62,19.62,ID,2021-09-07 03:22:57
144,Paita,-5.0892,-81.1144,63.41,87,59,13.09,PE,2021-09-07 03:22:57
145,Ambon,-3.6954,128.1814,75.34,94,75,4.61,ID,2021-09-07 03:22:57
146,College,64.8569,-147.8028,55.58,65,75,6.91,US,2021-09-07 03:22:58
147,Shelburne,44.0787,-80.2041,57.85,95,4,7.43,CA,2021-09-07 03:22:58
148,Upata,8.0086,-62.3989,76.19,94,100,3.94,VE,2021-09-07 03:22:58
149,Pizarro,4.9533,-77.366,76.46,89,98,5.03,CO,2021-09-07 03:22:59
150,Maliig,13.8456,120.1503,82.92,74,86,5.99,PH,2021-09-07 03:22:59
151,Bethel,41.3712,-73.414,69.01,86,1,0.0,US,2021-09-07 03:23:00
152,Penzance,50.1186,-5.5371,67.21,87,0,15.37,GB,2021-09-07 03:23:00
153,Chokurdakh,70.6333,147.9167,36.07,65,100,19.77,RU,2021-09-07 03:23:00
154,Santona,43.4439,-3.4576,88.11,55,98,7.05,ES,2021-09-07 03:23:01
155,Lokosovo,61.1333,74.8167,51.03,59,98,9.22,RU,2021-09-07 03:23:01
156,Acara,-1.9608,-48.1967,72.25,94,27,1.39,BR,2021-09-07 03:23:01
157,Maniitsoq,65.4167,-52.9,41.52,80,100,12.62,GL,2021-09-07 03:18:09
158,Copiapo,-27.3667,-70.3333,51.49,69,80,3.27,CL,2021-09-07 03:23:02
159,Acajutla,13.5928,-89.8275,73.8,84,89,4.79,SV,2021-09-07 03:23:02
160,San Quintin,30.4833,-115.95,72.55,80,60,3.02,MX,2021-09-07 03:23:02
161,Ryotsu,38.0833,138.4333,76.96,62,80,5.23,JP,2021-09-07 03:23:03
162,Buzmeyin,38.0507,58.2056,78.53,41,0,13.8,TM,2021-09-07 03:23:03
163,Moranbah,-22.0016,148.0466,74.21,25,0,18.81,AU,2021-09-07 03:23:03
164,Sisimiut,66.9395,-53.6735,40.98,95,100,24.61,GL,2021-09-07 03:23:04
165,Thinadhoo,0.5333,72.9333,82.85,72,89,11.1,MV,2021-09-07 03:23:04
166,Taoudenni,22.6783,-3.9836,93.72,12,0,4.94,ML,2021-09-07 03:23:05
167,Lipin Bor,60.2622,37.9763,44.87,93,97,11.21,RU,2021-09-07 03:23:05
168,Port Elizabeth,-33.918,25.5701,52.09,93,20,3.44,ZA,2021-09-07 03:23:05
169,Gushikawa,26.3544,127.8686,87.8,70,20,5.75,JP,2021-09-07 03:23:06
170,Lipari,38.4674,14.954,72.55,60,27,3.76,IT,2021-09-07 03:23:06
171,Ivdel,60.6911,60.4206,40.86,76,29,5.99,RU,2021-09-07 03:23:06
172,Mbour,14.422,-16.9638,82.49,83,95,10.04,SN,2021-09-07 03:23:07
173,Souillac,-20.5167,57.5167,70.36,83,40,14.97,MU,2021-09-07 03:23:07
174,Saskylakh,71.9167,114.0833,45.75,70,93,11.81,RU,2021-09-07 03:23:07
175,Adzhamka,48.5424,32.5354,43.88,56,4,0.87,UA,2021-09-07 03:23:08
176,Fairbanks,64.8378,-147.7164,55.6,65,1,5.75,US,2021-09-07 03:20:25
177,Kavieng,-2.5744,150.7967,85.89,61,75,9.51,PG,2021-09-07 03:23:08
178,Saint George,37.1041,-113.5841,93.94,18,1,1.01,US,2021-09-07 03:20:12
179,Kawalu,-7.3817,108.2082,79.38,78,78,5.03,ID,2021-09-07 03:23:09
180,Bilibino,68.0546,166.4372,33.66,95,100,3.49,RU,2021-09-07 03:23:09
181,Dali,25.7,100.1833,70.5,64,15,4.41,CN,2021-09-07 03:23:09
182,Narsaq,60.9167,-46.05,41.22,69,72,2.64,GL,2021-09-07 03:23:10
183,Araouane,18.9048,-3.5265,93.31,30,0,7.65,ML,2021-09-07 03:23:10
184,Lompoc,34.6391,-120.4579,75.34,91,20,4.61,US,2021-09-07 03:23:10
185,Boa Vista,2.8197,-60.6733,80.58,74,0,4.61,BR,2021-09-07 03:20:28
186,Sagua La Grande,22.8067,-80.0756,74.39,79,100,1.9,CU,2021-09-07 03:23:11
187,Forest Hills,42.9595,-85.4898,60.42,85,1,0.0,US,2021-09-07 03:23:11
188,Yulara,-25.2406,130.9889,69.64,21,0,17.27,AU,2021-09-07 03:23:11
189,Nantucket,41.2835,-70.0995,72.09,86,1,9.22,US,2021-09-07 03:23:12
190,Port Hardy,50.6996,-127.4199,60.98,82,90,5.75,CA,2021-09-07 03:23:12
191,Yanam,16.7333,82.2167,79.2,83,94,8.05,IN,2021-09-07 03:23:12
192,Ulaangom,49.9811,92.0667,72.61,23,0,12.19,MN,2021-09-07 03:23:13
193,Lons,43.3167,-0.4,69.66,68,0,3.44,FR,2021-09-07 03:21:08
194,Qaqortoq,60.7167,-46.0333,41.5,78,84,2.71,GL,2021-09-07 03:23:13
195,Rorvik,64.8621,11.2373,54.59,94,100,21.09,NO,2021-09-07 03:23:14
196,Montepuez,-13.1256,38.9997,61.93,97,29,1.81,MZ,2021-09-07 03:23:14
197,Ostrovnoy,68.0531,39.5131,38.86,93,100,20.83,RU,2021-09-07 03:23:14
198,Namatanai,-3.6667,152.4333,85.82,64,50,6.91,PG,2021-09-07 03:23:15
199,Marzuq,14.4,46.4667,77.99,59,100,4.25,YE,2021-09-07 03:23:15
200,Kortkeros,61.8106,51.5806,39.2,87,100,7.94,RU,2021-09-07 03:23:16
201,Asau,46.4333,26.4,49.75,64,4,3.38,RO,2021-09-07 03:23:16
202,Severo-Kurilsk,50.6789,156.125,52.97,81,87,18.59,RU,2021-09-07 03:23:16
203,Tuatapere,-46.1333,167.6833,47.82,90,100,5.5,NZ,2021-09-07 03:23:17
204,Rosita,13.9268,-84.4032,73.76,99,100,2.46,NI,2021-09-07 03:23:17
205,Arraial Do Cabo,-22.9661,-42.0278,70.9,86,63,7.18,BR,2021-09-07 03:23:17
206,Arvika,59.6553,12.5852,54.21,99,100,3.65,SE,2021-09-07 03:23:18
207,Champasak,14.75,106.0,76.32,96,100,2.24,LA,2021-09-07 03:23:18
208,Sao Jose Da Coroa Grande,-8.8978,-35.1478,76.55,70,81,7.27,BR,2021-09-07 03:23:18
209,Arcata,40.8665,-124.0828,58.35,77,1,0.0,US,2021-09-07 03:23:19
210,Marawi,7.9986,124.2928,73.92,89,100,5.91,PH,2021-09-07 03:23:19
211,Lahaina,20.8783,-156.6825,82.4,70,15,8.28,US,2021-09-07 03:23:19
212,Ouadda,8.0777,22.4007,66.87,99,100,4.23,CF,2021-09-07 03:23:20
213,Gat,31.61,34.7642,74.39,76,1,2.62,IL,2021-09-07 03:23:20
214,Mapiri,-15.25,-68.1667,67.35,96,36,1.7,BO,2021-09-07 03:23:20
215,Bonfim,3.0833,-59.95,78.69,73,54,3.44,BR,2021-09-07 03:23:21
216,Cane,14.2833,-87.6667,73.87,100,1,5.75,HN,2021-09-07 03:23:21
217,Kaitangata,-46.2817,169.8464,50.0,85,100,8.52,NZ,2021-09-07 03:23:22
218,Guasdualito,7.2424,-70.7324,73.42,94,66,0.98,VE,2021-09-07 03:23:22
219,Kinwat,19.6333,78.2,78.89,89,100,9.71,IN,2021-09-07 03:23:22
220,Codrington,-38.2667,141.9667,55.65,77,100,14.9,AU,2021-09-07 03:23:23
221,Leshukonskoye,64.8989,45.7622,33.73,93,100,6.76,RU,2021-09-07 03:23:23
222,Belaya Gora,68.5333,146.4167,36.97,62,97,18.39,RU,2021-09-07 03:23:23
223,Nome,64.5011,-165.4064,48.27,93,90,16.11,US,2021-09-07 03:23:24
224,Alta Floresta,-9.8756,-56.0861,77.13,64,83,4.18,BR,2021-09-07 03:23:24
225,Vilyuysk,63.7553,121.6247,57.97,42,99,5.06,RU,2021-09-07 03:23:24
226,Strezhevoy,60.7333,77.5889,51.78,59,92,7.85,RU,2021-09-07 03:23:25
227,Saint-Philippe,-21.3585,55.7679,67.59,78,57,15.39,RE,2021-09-07 03:23:25
228,Viedma,-40.8135,-62.9967,50.88,80,100,10.69,AR,2021-09-07 03:20:27
229,Kruisfontein,-34.0033,24.7314,48.88,89,99,4.25,ZA,2021-09-07 03:23:26
230,Auxerre,47.8,3.5667,57.29,75,99,3.83,FR,2021-09-07 03:23:26
231,Flinders,-34.5833,150.8552,73.2,42,0,8.57,AU,2021-09-07 03:23:26
232,Georgetown,5.4112,100.3354,87.75,66,20,5.75,MY,2021-09-07 03:23:27
233,Isangel,-19.55,169.2667,78.91,73,75,9.22,VU,2021-09-07 03:23:27
234,Ruiru,-1.1606,36.9567,60.67,88,75,5.75,KE,2021-09-07 03:23:27
235,Nanortalik,60.1432,-45.2371,41.0,85,62,13.38,GL,2021-09-07 03:23:28
236,Adrar,20.5022,-10.0711,90.73,15,92,10.07,MR,2021-09-07 03:23:28
237,Alamogordo,32.8995,-105.9603,76.35,59,1,4.61,US,2021-09-07 03:19:04
238,Norman Wells,65.282,-126.8329,53.64,82,75,16.11,CA,2021-09-07 03:23:29
239,Mongoumba,3.6415,18.5936,69.31,97,100,3.02,CF,2021-09-07 03:23:29
240,Saldanha,-33.0117,17.9442,41.05,76,0,9.93,ZA,2021-09-07 03:23:29
241,Gambela,8.25,34.5833,69.4,77,88,2.15,ET,2021-09-07 03:23:29
242,Alice Springs,-23.7,133.8833,63.95,27,0,17.27,AU,2021-09-07 03:23:04
243,Bambous Virieux,-20.3428,57.7575,70.21,83,40,14.97,MU,2021-09-07 03:23:30
244,The Valley,18.217,-63.0578,84.06,75,0,15.14,AI,2021-09-07 03:23:30
245,Zhuhai,22.2769,113.5678,90.72,79,40,11.5,CN,2021-09-07 03:23:31
246,Saint-Pierre,-21.3393,55.4781,67.68,69,20,5.75,RE,2021-09-07 03:23:31
247,Caluquembe,-13.7833,14.6833,61.65,69,80,3.4,AO,2021-09-07 03:23:31
248,Tarko-Sale,64.9225,77.785,49.05,65,22,18.1,RU,2021-09-07 03:23:32
249,Buin,-33.7333,-70.75,50.04,66,79,2.24,CL,2021-09-07 03:23:32
250,Krasnokholm,51.5979,54.1567,49.14,72,23,1.81,RU,2021-09-07 03:23:32
251,Olinda,-8.0089,-34.8553,74.93,73,40,5.75,BR,2021-09-07 03:23:33
252,Geraldton,-28.7667,114.6,82.81,17,0,18.41,AU,2021-09-07 03:23:33
253,Fethiye,36.6217,29.1164,67.87,64,0,2.98,TR,2021-09-07 03:23:33
254,Luganville,-15.5333,167.1667,79.45,67,96,6.24,VU,2021-09-07 03:23:34
255,Dunedin,-45.8742,170.5036,59.81,67,72,1.01,NZ,2021-09-07 03:19:16
256,Ginda,30.6945,78.4932,71.8,78,44,2.35,IN,2021-09-07 03:23:34
257,Lahij,13.1667,44.5833,86.79,48,99,2.08,YE,2021-09-07 03:23:35
258,Portland,45.5234,-122.6762,77.41,46,1,1.01,US,2021-09-07 03:20:16
259,Carndonagh,55.25,-7.2667,59.34,96,61,3.56,IE,2021-09-07 03:23:35
260,Margate,51.3813,1.3862,62.69,86,15,4.59,GB,2021-09-07 03:23:35
261,Pochutla,15.7432,-96.4661,79.83,89,93,2.21,MX,2021-09-07 03:23:36
262,Cabo San Lucas,22.8909,-109.9124,86.05,68,11,10.69,MX,2021-09-07 03:21:11
263,Orje,59.4802,11.6602,57.36,99,100,5.26,NO,2021-09-07 03:23:36
264,Husavik,66.0449,-17.3389,48.11,92,100,9.57,IS,2021-09-07 03:23:37
265,Katsuura,35.1333,140.3,75.24,59,47,18.43,JP,2021-09-07 03:23:37
266,Vila Franca Do Campo,37.7167,-25.4333,68.41,86,66,8.28,PT,2021-09-07 03:23:37
267,Constitucion,-35.3333,-72.4167,48.02,83,2,1.07,CL,2021-09-07 03:23:38
268,Palembang,-2.9167,104.7458,82.49,78,75,9.22,ID,2021-09-07 03:23:38
269,Marsh Harbour,26.5412,-77.0636,84.13,65,6,7.52,BS,2021-09-07 03:23:38
270,Naze,28.3667,129.4833,79.72,80,100,5.95,JP,2021-09-07 03:23:39
271,Zhenlai,45.8495,123.2973,64.36,64,7,4.99,CN,2021-09-07 03:23:39
272,Mahanje,-9.9333,35.3333,57.43,84,38,2.84,TZ,2021-09-07 03:23:39
273,Chake Chake,-5.2459,39.7666,72.88,83,38,6.22,TZ,2021-09-07 03:23:40
274,Ribeira Grande,38.5167,-28.7,69.26,74,98,13.2,PT,2021-09-07 03:23:40
275,Agirish,61.9247,63.0231,39.7,81,99,8.41,RU,2021-09-07 03:23:40
276,Ponta Do Sol,32.6667,-17.1,72.72,80,31,5.61,PT,2021-09-07 03:23:41
277,Surt,31.2089,16.5887,79.74,67,1,7.67,LY,2021-09-07 03:23:41
278,Sungairaya,0.7,108.9,86.18,64,73,3.09,ID,2021-09-07 03:23:41
279,Tevriz,57.509,72.4042,52.45,46,98,5.12,RU,2021-09-07 03:23:42
280,Northam,51.0333,-4.2167,66.29,93,0,7.29,GB,2021-09-07 03:23:42
281,Kaeo,-35.1,173.7833,60.33,91,100,9.98,NZ,2021-09-07 03:23:42
282,Zemio,5.0314,25.1361,68.27,99,100,3.42,CF,2021-09-07 03:23:43
283,Casper,42.8666,-106.3131,74.5,23,1,6.91,US,2021-09-07 03:21:21
284,Berezovyy,51.6667,135.7,70.75,65,100,3.4,RU,2021-09-07 03:23:43
285,Bodden Town,19.2833,-81.25,84.2,86,20,1.99,KY,2021-09-07 03:23:44
286,Sao Filipe,14.8961,-24.4956,78.26,84,67,2.71,CV,2021-09-07 03:23:44
287,Fasa,28.9383,53.6482,67.24,22,0,4.61,IR,2021-09-07 03:23:44
288,Manyana,-23.4,21.7167,51.15,33,41,11.68,BW,2021-09-07 03:23:45
289,Yago,21.8333,-105.0667,76.55,96,99,0.83,MX,2021-09-07 03:23:45
290,Mabaruma,8.2,-59.7833,73.63,98,99,2.37,GY,2021-09-07 03:23:45
291,Yurla,59.3259,54.3223,39.49,83,99,6.98,RU,2021-09-07 03:23:46
292,Sorland,67.667,12.6934,48.27,87,100,11.41,NO,2021-09-07 03:23:46
293,Muravlenko,63.7898,74.523,47.17,67,4,16.28,RU,2021-09-07 03:23:46
294,Wanning,18.8003,110.3967,83.43,78,64,7.63,CN,2021-09-07 03:23:47
295,Chengam,12.3,78.8,79.97,66,100,10.96,IN,2021-09-07 03:23:47
296,Stokmarknes,68.5646,14.9108,52.5,91,98,6.53,NO,2021-09-07 03:23:47
297,Touros,-5.1989,-35.4608,72.5,76,41,13.73,BR,2021-09-07 03:23:48
298,Alcudia,39.8532,3.1214,72.37,70,100,6.91,ES,2021-09-07 03:23:48
299,Jibuti,11.5,42.5,85.42,56,99,6.91,DJ,2021-09-07 03:23:48
300,Dalvik,65.9702,-18.5286,48.13,94,100,7.2,IS,2021-09-07 03:23:49
301,La Rochelle,46.1667,-1.15,69.87,60,0,12.66,FR,2021-09-07 03:23:49
302,Muscat,23.6139,58.5922,86.02,68,4,5.17,OM,2021-09-07 03:19:28
303,Honiara,-9.4333,159.95,82.26,77,94,3.78,SB,2021-09-07 03:23:50
304,Tual,-5.6667,132.75,80.71,76,50,24.18,ID,2021-09-07 03:23:50
305,Andilamena,-17.0167,48.5833,57.2,87,93,10.02,MG,2021-09-07 03:23:50
306,Soavinandriana,-19.1667,46.7333,47.39,75,0,6.2,MG,2021-09-07 03:23:51
307,Beyneu,45.3167,55.2,68.5,54,91,11.01,KZ,2021-09-07 03:23:51
308,General Roca,-39.0333,-67.5833,52.2,67,30,13.85,AR,2021-09-07 03:23:51
309,Abu Zabad,12.35,29.25,73.49,83,83,6.24,SD,2021-09-07 03:23:52
310,Kurilsk,45.2333,147.8833,59.22,71,0,11.41,RU,2021-09-07 03:23:52
311,Harer,9.3094,42.1258,59.2,84,97,1.79,ET,2021-09-07 03:23:52
312,Visby,57.6409,18.296,54.86,93,75,4.61,SE,2021-09-07 03:23:53
313,Havoysund,70.9963,24.6622,43.68,78,100,9.66,NO,2021-09-07 03:23:53
314,Comodoro Rivadavia,-45.8667,-67.5,46.26,66,0,6.91,AR,2021-09-07 03:19:18
315,Cherskiy,68.75,161.3,33.91,85,100,15.66,RU,2021-09-07 03:23:54
316,Khowai,24.1,91.6333,85.78,83,100,5.95,IN,2021-09-07 03:23:55
317,Heihe,50.2441,127.4902,68.58,70,100,12.55,CN,2021-09-07 03:23:56
318,Rawson,-43.3002,-65.1023,53.69,76,100,4.85,AR,2021-09-07 03:23:56
319,Iluppur,10.5135,78.6236,81.75,65,100,2.62,IN,2021-09-07 03:23:56
320,Manzhouli,49.6,117.4333,57.25,62,99,10.25,CN,2021-09-07 03:23:57
321,Mao,39.8885,4.2658,73.96,94,75,5.75,ES,2021-09-07 03:23:57
322,Rivadavia,-33.1905,-68.4608,61.27,74,0,9.24,AR,2021-09-07 03:20:43
323,Camana,-16.6228,-72.7111,59.88,82,99,6.46,PE,2021-09-07 03:23:58
324,Awjilah,29.1081,21.2869,78.28,54,0,11.16,LY,2021-09-07 03:23:58
325,Bolshoye Murashkino,55.7826,44.7754,39.09,79,78,9.91,RU,2021-09-07 03:23:58
326,Buluang,13.3068,123.3425,79.79,89,100,5.68,PH,2021-09-07 03:23:59
327,Altamira,-3.2033,-52.2064,74.64,76,30,1.39,BR,2021-09-07 03:23:59
328,Luderitz,-26.6481,15.1594,51.04,59,0,14.67,NA,2021-09-07 03:23:59
329,San Juan,-31.5375,-68.5364,62.92,49,0,18.23,AR,2021-09-07 03:20:19
330,Bangui,4.3612,18.555,71.78,94,40,0.0,CF,2021-09-07 03:24:00
331,Bahia Honda,22.9036,-83.1592,76.91,85,99,3.49,CU,2021-09-07 03:24:00
332,Pangoa,-12.1167,-73.0,66.36,99,100,2.3,PE,2021-09-07 03:23:11
333,Norfolk,42.1668,-71.2495,68.95,82,1,0.0,US,2021-09-07 03:24:01
334,Srivardhan,18.0333,73.0167,77.41,92,100,2.82,IN,2021-09-07 03:24:01
335,Baykit,61.67,96.37,51.87,67,100,0.34,RU,2021-09-07 03:24:01
336,Nanning,22.8167,108.3167,79.25,75,82,8.37,CN,2021-09-07 03:24:02
337,Tuktoyaktuk,69.4541,-133.0374,41.0,87,90,23.02,CA,2021-09-07 03:24:02
338,Port Hawkesbury,45.6169,-61.3485,65.91,98,90,11.01,CA,2021-09-07 03:24:02
339,Lianran,24.9227,102.485,59.54,77,99,3.42,CN,2021-09-07 03:24:03
340,Grand Gaube,-20.0064,57.6608,70.38,65,76,10.0,MU,2021-09-07 03:24:03
341,Pevek,69.7008,170.3133,31.93,96,100,8.66,RU,2021-09-07 03:24:03
342,Komsomolskiy,40.4272,71.7189,77.72,31,0,4.61,UZ,2021-09-07 03:24:04
343,Soltsy,58.1239,30.3238,48.4,97,100,9.28,RU,2021-09-07 03:24:04
344,Lidzbark Warminski,54.1259,20.5795,47.53,70,99,6.13,PL,2021-09-07 03:24:04
345,Nyurba,63.2842,118.3319,57.15,48,100,8.63,RU,2021-09-07 03:24:05
346,Atar,20.5169,-13.0499,89.55,28,7,2.19,MR,2021-09-07 03:24:05
347,Kismayo,-0.3582,42.5454,75.7,84,65,12.64,SO,2021-09-07 03:24:05
348,Wawa,9.9022,4.4192,72.21,95,28,4.23,NG,2021-09-07 03:21:12
349,Buala,-8.145,159.5921,84.69,68,68,6.33,SB,2021-09-07 03:24:06
350,Sendenhorst,51.8333,7.8333,59.77,72,100,2.84,DE,2021-09-07 03:24:06
351,Haines Junction,60.7522,-137.5108,55.35,58,86,9.22,CA,2021-09-07 03:24:06
352,Hamadan,34.7992,48.5146,65.48,22,0,2.35,IR,2021-09-07 03:24:07
353,Ilulissat,69.2167,-51.1,39.22,87,75,13.8,GL,2021-09-07 03:24:07
354,Kazachinskoye,57.6953,93.2761,55.89,53,8,3.91,RU,2021-09-07 03:24:07
355,Makakilo City,21.3469,-158.0858,82.72,57,90,4.61,US,2021-09-07 03:24:08
356,Namibe,-15.1961,12.1522,63.27,90,85,5.01,AO,2021-09-07 03:24:08
357,Mbalmayo,3.5167,11.5,70.12,96,87,4.43,CM,2021-09-07 03:24:08
358,Belyy Yar,53.6039,91.3903,62.49,67,0,2.24,RU,2021-09-07 03:24:09
359,Bitung,1.4451,125.1824,90.45,83,100,13.35,ID,2021-09-07 03:21:02
360,Dawlatabad,36.4141,64.9053,83.39,12,0,5.12,AF,2021-09-07 03:24:09
361,Nederland,29.9744,-93.9924,76.96,98,1,4.61,US,2021-09-07 03:24:09
362,Daman,20.4167,72.85,80.47,87,100,5.23,IN,2021-09-07 03:24:10
363,Grindavik,63.8424,-22.4338,49.95,87,90,6.91,IS,2021-09-07 03:24:10
364,Dolores,-36.3132,-57.6792,55.24,79,100,13.49,AR,2021-09-07 03:24:10
365,Beaufort,5.3473,115.7455,84.36,61,97,4.23,MY,2021-09-07 03:21:31
366,Farafangana,-22.8167,47.8333,67.28,84,83,7.07,MG,2021-09-07 03:24:11
367,Sept-Iles,50.2001,-66.3821,57.72,97,90,3.0,CA,2021-09-07 03:22:19
368,Bathsheba,13.2167,-59.5167,79.41,89,40,4.61,BB,2021-09-07 03:24:11
369,Mbarara,-0.608,30.65,63.55,78,19,1.05,UG,2021-09-07 03:24:12
370,Lazaro Cardenas,17.9583,-102.2,77.41,89,100,3.8,MX,2021-09-07 03:24:12
371,Sarh,9.1429,18.3923,73.31,88,20,0.0,TD,2021-09-07 03:24:12
372,Clyde River,70.4692,-68.5914,29.95,83,86,3.02,CA,2021-09-07 03:24:13
373,Goderich,43.7501,-81.7165,58.91,88,9,2.3,CA,2021-09-07 03:24:13
374,Coari,-4.085,-63.1414,75.34,79,49,1.9,BR,2021-09-07 03:24:14
375,San Cristobal,7.7669,-72.225,65.7,98,39,2.46,VE,2021-09-07 03:24:14
376,Jiangmen,22.5833,113.0833,87.93,80,31,1.01,CN,2021-09-07 03:24:14
377,Quesnel,52.9999,-122.5029,59.5,72,90,0.0,CA,2021-09-07 03:20:31
378,Praya,14.9215,-23.5087,77.54,94,20,4.61,CV,2021-09-07 03:24:15
379,Queanbeyan,-35.35,149.2333,68.61,43,7,20.71,AU,2021-09-07 03:19:26
380,Cayenne,4.9333,-52.3333,81.09,85,0,1.01,GF,2021-09-07 03:24:15
381,Praia Da Vitoria,38.7333,-27.0667,68.25,77,40,13.6,PT,2021-09-07 03:24:15
382,Amot,59.5714,7.9877,49.32,93,100,3.71,NO,2021-09-07 03:24:16
383,Troyes,48.3333,4.0833,57.97,87,0,0.0,FR,2021-09-07 03:24:16
384,Pahrump,36.2083,-115.9839,96.06,15,0,2.28,US,2021-09-07 03:19:51
385,Sampit,-2.5333,112.95,86.27,65,76,2.98,ID,2021-09-07 03:23:52
386,Cochrane,51.1834,-114.4687,63.64,54,1,12.66,CA,2021-09-07 03:24:17
387,Brikama,13.2714,-16.6494,80.64,94,40,5.75,GM,2021-09-07 03:24:17
388,Moron,-34.6534,-58.6198,61.02,89,100,7.0,AR,2021-09-07 03:24:17
389,Sakakah,29.9697,40.2064,78.37,25,1,8.1,SA,2021-09-07 03:24:18
390,Huilong,31.8111,121.655,80.98,78,65,11.92,CN,2021-09-07 03:24:18
391,Soe,-9.8607,124.284,78.85,47,37,12.46,ID,2021-09-07 03:24:18
392,Pasighat,28.0667,95.3333,77.56,94,100,2.21,IN,2021-09-07 03:24:19
393,Dzaoudzi,-12.7887,45.2699,76.89,78,90,9.22,YT,2021-09-07 03:24:19
394,Vestmannaeyjar,63.4427,-20.2734,51.57,79,91,13.04,IS,2021-09-07 03:24:19
395,Baruun-Urt,46.6806,113.2792,59.59,44,51,8.68,MN,2021-09-07 03:24:20
396,Itoman,26.1247,127.6694,88.57,70,40,6.91,JP,2021-09-07 03:24:20
397,Marand,38.4329,45.7749,66.54,54,0,1.99,IR,2021-09-07 03:24:20
398,Havre,49.5833,0.3333,65.97,72,0,5.75,FR,2021-09-07 03:24:21
399,Dryden,49.7833,-92.7503,61.09,88,90,11.5,CA,2021-09-07 03:24:21
400,Padang,-0.9492,100.3543,82.45,84,90,3.6,ID,2021-09-07 03:24:21
401,Hambantota,6.1241,81.1185,84.54,79,40,11.5,LK,2021-09-07 03:24:22
402,Chimore,-16.9833,-65.1333,76.62,62,30,2.8,BO,2021-09-07 03:24:22
403,Roald,62.5833,6.1333,61.11,88,100,12.66,NO,2021-09-07 03:24:22
404,Mayo,38.8876,-76.5119,73.38,84,1,0.0,US,2021-09-07 03:24:23
405,Urziceni,44.7167,26.6333,55.31,66,0,5.32,RO,2021-09-07 03:24:23
406,Salalah,17.0151,54.0924,78.89,94,90,2.3,OM,2021-09-07 03:24:23
407,Kang,-23.6752,22.7876,54.5,28,91,12.59,BW,2021-09-07 03:24:24
408,Los Llanos De Aridane,28.6585,-17.9182,73.15,81,90,3.44,ES,2021-09-07 03:24:24
409,Rio Grande,-32.035,-52.0986,61.95,84,100,18.66,BR,2021-09-07 03:24:24
410,Aguimes,27.9054,-15.4461,74.03,75,20,17.27,ES,2021-09-07 03:24:25
411,Batemans Bay,-35.7167,150.1833,75.2,43,0,8.25,AU,2021-09-07 03:24:25
412,Khash,28.2211,61.2158,80.06,12,0,3.22,IR,2021-09-07 03:24:25
413,Kingaroy,-26.5333,151.8333,69.84,21,0,11.5,AU,2021-09-07 03:24:26
414,Katherine,-14.4667,132.2667,84.52,16,5,14.97,AU,2021-09-07 03:24:26
415,Chabahar,25.2919,60.643,80.33,84,3,7.99,IR,2021-09-07 03:24:26
416,Mizdah,31.4451,12.9801,66.49,90,0,2.13,LY,2021-09-07 03:24:27
417,Okha,53.5739,142.9478,64.76,46,0,5.32,RU,2021-09-07 03:24:27
418,Socuellamos,39.2858,-2.7921,79.38,41,100,10.92,ES,2021-09-07 03:24:27
419,Saint-Joseph,-21.3667,55.6167,66.58,76,34,14.32,RE,2021-09-07 03:24:28
420,Mar Del Plata,-38.0023,-57.5575,53.62,94,0,11.5,AR,2021-09-07 03:24:28
421,Cururupu,-1.8283,-44.8683,74.21,91,42,3.42,BR,2021-09-07 03:24:28
422,Gamovo,57.8652,56.1056,38.82,100,75,8.95,RU,2021-09-07 03:24:29
423,Mokhsogollokh,61.4681,128.9203,60.91,38,94,4.27,RU,2021-09-07 03:24:29
424,Suez,29.9737,32.5263,71.13,77,0,4.27,EG,2021-09-07 03:24:29
425,Placido De Castro,-10.3353,-67.1856,76.01,76,99,1.88,BR,2021-09-07 03:24:30
426,Lorengau,-2.0226,147.2712,84.0,71,50,10.16,PG,2021-09-07 03:24:30
427,Chifeng,42.2683,118.9636,67.73,48,3,6.64,CN,2021-09-07 03:24:30
428,Arman,59.7,150.1667,58.08,46,58,4.52,RU,2021-09-07 03:24:31
429,San Andres,12.5847,-81.7006,82.42,78,40,10.36,CO,2021-09-07 03:24:31
430,Fortuna,40.5982,-124.1573,58.08,65,1,0.0,US,2021-09-07 03:24:31
431,Statesboro,32.4488,-81.7832,80.47,78,90,3.44,US,2021-09-07 03:24:32
432,San Carlos De Bariloche,-41.1456,-71.3082,37.15,70,75,3.44,AR,2021-09-07 03:24:32
433,Veraval,20.9,70.3667,80.96,88,93,12.15,IN,2021-09-07 03:24:32
434,Tigre,-34.426,-58.5796,61.29,86,75,13.8,AR,2021-09-07 03:24:33
435,Balikpapan,-1.2675,116.8289,77.99,94,40,3.44,ID,2021-09-07 03:24:33
436,Shalya,57.2471,58.7298,37.87,92,37,5.19,RU,2021-09-07 03:24:33
437,Verkhnyaya Inta,65.9811,60.3094,38.77,93,100,20.2,RU,2021-09-07 03:24:34
438,Port-Cartier,50.0334,-66.8654,57.42,97,100,6.82,CA,2021-09-07 03:24:34
439,Haapiti,-17.5667,-149.8667,82.13,69,12,12.35,PF,2021-09-07 03:24:34
440,Nuevo Laredo,27.4763,-99.5164,91.67,43,1,11.5,MX,2021-09-07 03:24:35
441,Yumen,40.2833,97.2,78.53,12,0,12.59,CN,2021-09-07 03:24:35
442,Kugulta,45.3636,42.3889,52.38,54,100,5.66,RU,2021-09-07 03:24:35
443,Severo-Yeniseyskiy,60.3725,93.0408,54.84,52,54,1.59,RU,2021-09-07 03:24:36
444,Taseyevo,57.2169,94.8978,49.48,66,98,3.85,RU,2021-09-07 03:24:36
445,Bubaque,11.2833,-15.8333,79.9,81,100,9.6,GW,2021-09-07 03:24:36
446,Freital,51.0017,13.6488,59.58,89,0,3.44,DE,2021-09-07 03:24:37
447,Datong,40.0936,113.2914,73.71,29,7,13.49,CN,2021-09-07 03:24:37
448,Timbiqui,2.7717,-77.6654,74.05,95,100,1.88,CO,2021-09-07 03:24:37
449,Scottsbluff,41.8666,-103.6672,77.29,32,26,4.0,US,2021-09-07 03:24:38
450,Lagunas,-5.2269,-75.6753,71.71,99,100,1.07,PE,2021-09-07 03:24:38
451,Yeppoon,-23.1333,150.7333,74.98,56,0,17.63,AU,2021-09-07 03:24:38
452,Talnakh,69.4865,88.3972,54.28,69,38,8.46,RU,2021-09-07 03:24:39
453,Talaya,61.3833,152.75,58.69,43,32,7.74,RU,2021-09-07 03:24:39
454,Ampanihy,-24.7,44.75,64.71,63,0,7.0,MG,2021-09-07 03:24:39
455,Hammerfest,70.6634,23.6821,43.25,100,75,2.3,NO,2021-09-07 03:24:40
456,Palauig,15.435,119.9045,85.3,70,100,5.06,PH,2021-09-07 03:24:40
457,Haicheng,40.8516,122.7475,70.47,68,55,8.01,CN,2021-09-07 03:24:40
458,Kitimat,54.0524,-128.6534,59.38,77,100,2.39,CA,2021-09-07 03:24:41
459,Bereda,43.2686,-7.5406,63.57,98,10,0.83,ES,2021-09-07 03:24:41
460,Mangochi,-14.4782,35.2645,70.11,52,0,2.04,MW,2021-09-07 03:24:42
461,Barkhan,29.8977,69.5256,84.99,41,8,2.26,PK,2021-09-07 03:24:42
462,Kenai,60.5544,-151.2583,59.02,78,1,9.22,US,2021-09-07 03:20:37
463,Brae,60.3964,-1.353,57.11,94,96,18.1,GB,2021-09-07 03:24:43
464,Sao Borja,-28.6606,-56.0044,66.94,87,92,11.14,BR,2021-09-07 03:24:43
465,Kollam,8.8833,76.6,80.47,85,99,7.49,IN,2021-09-07 03:24:43
466,Tommot,58.9564,126.2925,55.99,87,100,2.75,RU,2021-09-07 03:24:44
467,Ambilobe,-13.2,49.05,70.54,76,75,5.88,MG,2021-09-07 03:24:44
468,Bairnsdale,-37.8333,147.6167,67.46,62,91,15.48,AU,2021-09-07 03:24:44
469,Diplo,24.4667,69.584,84.4,72,100,8.48,PK,2021-09-07 03:24:45
470,Metro,-5.1131,105.3067,82.83,70,100,7.31,ID,2021-09-07 03:24:45
471,Pangnirtung,66.1451,-65.7125,39.47,82,14,1.81,CA,2021-09-07 03:24:45
472,Escarcega,18.6089,-90.7454,71.29,98,91,3.65,MX,2021-09-07 03:24:46
473,Whitehorse,60.7161,-135.0538,57.97,54,40,4.61,CA,2021-09-07 03:21:14
474,Sioux Lookout,50.1001,-91.917,61.18,88,90,10.36,CA,2021-09-07 03:24:46
475,Zhigansk,66.7697,123.3711,58.59,34,65,2.77,RU,2021-09-07 03:24:46
476,Ballina,-28.8667,153.5667,71.78,48,8,10.22,AU,2021-09-07 03:20:27
477,Igrim,63.1906,64.4162,43.39,71,100,10.31,RU,2021-09-07 03:24:47
478,Vanimo,-2.6741,141.3028,76.21,93,100,3.27,PG,2021-09-07 03:24:47
479,Marsa Matruh,31.3525,27.2453,75.9,68,0,4.45,EG,2021-09-07 03:24:48
480,Ankazoabo,-22.2833,44.5167,60.31,70,0,3.31,MG,2021-09-07 03:24:48
481,Praia,14.9215,-23.5087,77.54,94,20,4.61,CV,2021-09-07 03:24:49
482,Tonantins,-2.8731,-67.8022,73.85,92,64,1.48,BR,2021-09-07 03:24:49
483,Vernon,50.2581,-119.2691,69.3,47,43,1.14,CA,2021-09-07 03:24:49
484,Biloela,-24.4167,150.5,77.43,22,0,13.8,AU,2021-09-07 03:24:50
485,Marfino,55.7028,37.3822,44.85,93,90,8.95,RU,2021-09-07 03:24:50
486,Kibray,41.3873,69.4641,73.92,14,0,1.14,UZ,2021-09-07 03:24:50
487,Petropavlovsk-Kamchatskiy,53.0452,158.6483,61.39,59,75,11.18,RU,2021-09-07 03:23:10
488,La Tuque,47.4334,-72.7824,53.85,100,13,2.3,CA,2021-09-07 03:24:51
489,Anadyr,64.75,177.4833,39.7,87,75,11.18,RU,2021-09-07 03:24:51
490,San Lorenzo,-25.3333,-57.5333,85.14,54,0,6.91,PY,2021-09-07 03:24:51
491,Callaway,30.153,-85.5699,79.0,87,1,0.0,US,2021-09-07 03:24:52
492,Santa Cruz,-17.8,-63.1667,81.86,65,0,17.27,BO,2021-09-07 03:20:07
493,Tocopilla,-22.092,-70.1979,58.03,81,91,2.98,CL,2021-09-07 03:24:52
494,Dingle,10.9995,122.6711,77.05,92,100,3.11,PH,2021-09-07 03:24:53
495,Powell River,49.8496,-124.5361,65.05,84,62,3.09,CA,2021-09-07 03:24:53
496,Nanakuli,21.3906,-158.1547,84.15,58,90,4.61,US,2021-09-07 03:24:54
497,Soubre,5.7856,-6.6083,71.22,99,85,1.48,CI,2021-09-07 03:24:54
498,Campo Gobierno,24.6536,-107.5411,81.19,84,90,0.0,MX,2021-09-07 03:24:54
499,High Prairie,55.4334,-116.4858,58.3,52,62,12.55,CA,2021-09-07 03:24:55
500,Nouadhibou,20.931,-17.0347,71.58,94,75,14.97,MR,2021-09-07 03:24:55
501,Bodo,67.28,14.405,51.84,95,75,1.14,NO,2021-09-07 03:24:55
502,Seara,41.1818,-7.8003,68.95,69,27,4.23,PT,2021-09-07 03:24:56
503,Labuhan,-6.8844,112.2051,88.47,55,25,2.28,ID,2021-09-07 03:24:56
504,Hobyo,5.3505,48.5268,77.14,83,100,20.2,SO,2021-09-07 03:24:56
505,Bilma,18.6853,12.9164,86.31,40,18,4.07,NE,2021-09-07 03:24:57
506,Xai-Xai,-25.0519,33.6442,66.74,93,62,3.85,MZ,2021-09-07 03:24:57
507,Illela,13.7292,5.2975,80.91,67,95,13.29,NG,2021-09-07 03:24:57
508,Pacific Grove,36.6177,-121.9166,80.26,86,1,1.99,US,2021-09-07 03:24:58
509,Iquitos,-3.7481,-73.2472,77.04,88,75,5.75,PE,2021-09-07 03:24:54
510,Palmer,42.1584,-72.3287,63.95,76,1,8.05,US,2021-09-07 03:24:58
511,Slave Lake,55.2834,-114.769,58.93,53,33,14.47,CA,2021-09-07 03:24:58
512,Ilanskiy,56.2358,96.065,50.2,56,100,4.65,RU,2021-09-07 03:24:59
513,Christchurch,-43.5333,172.6333,64.6,42,20,20.71,NZ,2021-09-07 03:21:47
514,Luancheng,37.8792,114.6517,78.96,66,0,8.12,CN,2021-09-07 03:24:59
515,Suraabad,40.8192,49.4687,71.78,78,39,24.47,AZ,2021-09-07 03:25:00
516,Areia Branca,-4.9561,-37.1369,75.7,73,23,17.69,BR,2021-09-07 03:25:00
517,Sao Domingos,-13.3983,-46.3183,77.27,26,60,6.13,BR,2021-09-07 03:25:00
518,Safaga,26.7292,33.9365,84.79,44,1,18.3,EG,2021-09-07 03:25:01
519,Addis Abeba,9.025,38.7469,51.8,91,96,2.51,ET,2021-09-07 03:22:17
520,Seidu,9.0167,-10.6,67.78,97,95,1.21,SL,2021-09-07 03:25:01
521,Maceio,-9.6658,-35.7353,71.04,100,40,2.3,BR,2021-09-07 03:22:24
522,Mayskiy,47.6931,40.1025,49.41,52,79,4.76,RU,2021-09-07 03:25:01
523,Port Hedland,-20.3167,118.5667,87.85,6,25,16.11,AU,2021-09-07 03:25:02
524,Coahuayana,18.7333,-103.6833,75.81,95,100,4.34,MX,2021-09-07 03:25:02
525,Wanxian,30.8039,108.3897,70.45,95,100,3.09,CN,2021-09-07 03:25:02
526,Ossora,59.2353,163.0719,56.34,59,30,9.01,RU,2021-09-07 03:25:03
527,Aktash,50.3,87.7333,53.74,45,25,1.72,RU,2021-09-07 03:25:04
528,Lobez,53.6392,15.6213,56.28,65,100,6.2,PL,2021-09-07 03:25:04
529,Mongo,12.1844,18.693,72.48,89,93,4.27,TD,2021-09-07 03:25:04
530,Semirom,31.4167,51.5667,62.29,16,0,3.56,IR,2021-09-07 03:25:05
531,Hong Gai,20.956,107.0946,80.51,73,88,4.68,VN,2021-09-07 03:25:05
532,Riviere-Au-Renard,48.9957,-64.3971,59.29,99,100,0.81,CA,2021-09-07 03:25:05
533,Port Augusta,-32.5,137.7667,68.7,42,4,5.82,AU,2021-09-07 03:25:06
534,Rocha,-34.4833,-54.3333,54.46,86,100,11.65,UY,2021-09-07 03:25:06
535,Tashtyp,52.7939,89.8983,67.73,48,98,2.13,RU,2021-09-07 03:25:06
536,Kolondieba,11.0882,-6.8926,71.8,91,48,2.28,ML,2021-09-07 03:25:07
537,Mindelo,16.8901,-24.9804,78.35,89,20,5.75,CV,2021-09-07 03:25:07
538,Aswan,24.0934,32.907,83.25,33,7,9.8,EG,2021-09-07 03:25:07
539,Rogozno,52.7523,16.9905,56.28,59,100,6.78,PL,2021-09-07 03:25:08
540,The Pas,53.8251,-101.2541,62.62,67,1,6.93,CA,2021-09-07 03:25:08
541,Port-Gentil,-0.7193,8.7815,76.06,83,95,10.29,GA,2021-09-07 03:25:08
542,Rurrenabaque,-14.4413,-67.5278,72.54,89,36,1.79,BO,2021-09-07 03:25:09
543,Udachnyy,66.4167,112.4,60.4,40,6,2.24,RU,2021-09-07 03:25:09
544,Macia,-25.0269,33.0989,67.53,94,76,7.81,MZ,2021-09-07 03:25:09
545,Dukat,62.55,155.55,39.9,87,100,3.6,RU,2021-09-07 03:25:10
546,Dhidhdhoo,6.8833,73.1,82.11,76,100,13.69,MV,2021-09-07 03:25:10
547,Garissa,-0.4536,39.6401,73.78,78,95,15.43,KE,2021-09-07 03:25:10
548,Placer,39.0666,-120.7677,80.51,21,27,5.61,US,2021-09-07 03:25:11
549,High Level,58.5169,-117.136,62.71,55,75,2.3,CA,2021-09-07 03:25:11
550,Baherden,38.4362,57.4316,79.93,33,0,4.14,TM,2021-09-07 03:25:11
551,Aborlan,9.4352,118.5492,87.82,60,88,1.54,PH,2021-09-07 03:23:49
552,Skagen,57.7209,10.5839,60.1,88,100,18.05,DK,2021-09-07 03:25:12
553,Samarai,-10.6167,150.6667,78.62,71,91,19.08,PG,2021-09-07 03:23:12
554,Krasne,49.9145,24.6134,42.15,69,77,5.88,UA,2021-09-07 03:25:12
555,Okakarara,-20.5833,17.4333,55.0,15,0,5.14,NA,2021-09-07 03:21:20
556,Kutum,14.2,24.6667,74.21,61,72,2.24,SD,2021-09-07 03:25:13
557,Samana,19.2056,-69.3369,78.96,86,12,6.76,DO,2021-09-07 03:25:13
558,Duldurga,50.6761,113.5931,47.48,62,98,9.84,RU,2021-09-07 03:25:14
559,Dinahican,14.7167,121.7167,82.24,82,100,15.99,PH,2021-09-07 03:25:14
560,Kiruna,67.8557,20.2251,43.72,87,75,6.91,SE,2021-09-07 03:25:14
561,Bud,39.447,-86.1758,72.91,84,9,6.44,US,2021-09-07 03:25:15
562,Laramie,41.3114,-105.5911,66.02,17,1,10.36,US,2021-09-07 03:25:15
